{
  "project_info": {
    "project_number": "1014503334472",
    "firebase_url": "https://smartgarbagesystem-156ca.firebaseio.com",
    "project_id": "smartgarbagesystem-156ca",
    "storage_bucket": "smartgarbagesystem-156ca.appspot.com"
  },
  "client": [
    {
      "client_info": {
        "mobilesdk_app_id": "1:1014503334472:android:67a847cb686366e09eae7d",
        "android_client_info": {
          "package_name": "com.example.smartgarbagesystem"
        }
      },
      "oauth_client": [
        {
          "client_id": "1014503334472-4nsej62l4qcbhj8gs0kncl3lvk55810p.apps.googleusercontent.com",
          "client_type": 1,
          "android_info": {
            "package_name": "com.example.smartgarbagesystem",
            "certificate_hash": "e15ec9e708de681471b21acfd59486b6017d6714"
          }
        },
        {
          "client_id": "1014503334472-v20955tlrtu962alov9m8vmpaekgt0si.apps.googleusercontent.com",
          "client_type": 3
        }
      ],
      "api_key": [
        {
          "current_key": "AIzaSyDk9FOFcd9Y0OP9-6gIb9DTjgiww_-HS84"
        }
      ],
      "services": {
        "appinvite_service": {
          "other_platform_oauth_client": [
            {
              "client_id": "1014503334472-v20955tlrtu962alov9m8vmpaekgt0si.apps.googleusercontent.com",
              "client_type": 3
            }
          ]
        }
      }
    }
  ],
  "configuration_version": "1"
}